,open,high,low,close,volume,signal,pivot_time,pivot_high,pivot_low,pivot_direction,range_high,range_low
2025-09-01 09:10:00,24432.7,24432.7,24432.7,24432.7,0.0,,,,,,24432.7,24432.7
2025-09-01 09:15:00,24469.55,24528.4,24469.55,24523.5,0.0,,,,,,24528.4,24432.7
2025-09-01 09:20:00,24525.7,24532.4,24502.9,24529.15,0.0,,,,,,24532.4,24432.7
2025-09-01 09:25:00,24529.8,24532.75,24512.5,24530.25,0.0,,2025-09-01 09:29:00,24532.75,24432.7,,24532.75,24432.7
2025-09-01 09:30:00,24528.5,24542.3,24520.25,24540.9,0.0,buy,2025-09-01 09:33:00,24532.75,24432.7,bull,24532.75,24432.7
2025-09-01 09:35:00,24541.0,24546.55,24533.2,24536.85,0.0,,2025-09-01 09:33:00,24532.75,24432.7,bull,24532.75,24432.7
2025-09-01 09:40:00,24536.0,24538.25,24524.9,24535.8,0.0,,2025-09-01 09:33:00,24532.75,24432.7,bull,24532.75,24432.7
2025-09-01 09:45:00,24535.95,24547.9,24534.35,24534.65,0.0,,2025-09-01 09:33:00,24532.75,24432.7,bull,24532.75,24432.7
2025-09-01 09:50:00,24534.7,24560.35,24534.5,24559.55,0.0,,2025-09-01 09:33:00,24532.75,24432.7,bull,24532.75,24432.7
2025-09-01 09:55:00,24559.6,24560.75,24540.55,24547.5,0.0,,2025-09-01 09:33:00,24532.75,24432.7,bull,24532.75,24432.7
2025-09-01 10:00:00,24546.6,24549.5,24535.05,24538.5,0.0,,2025-09-01 09:33:00,24532.75,24432.7,bull,24532.75,24432.7
2025-09-01 10:05:00,24537.25,24538.7,24526.35,24532.9,0.0,,2025-09-01 09:33:00,24532.75,24432.7,bull,24532.75,24432.7
2025-09-01 10:10:00,24533.55,24534.95,24523.15,24523.15,0.0,,2025-09-01 09:33:00,24532.75,24432.7,bull,24532.75,24432.7
2025-09-01 10:15:00,24523.0,24534.15,24514.2,24515.1,0.0,,2025-09-01 09:33:00,24532.75,24432.7,bull,24532.75,24432.7
2025-09-01 10:20:00,24514.8,24518.3,24502.9,24512.15,0.0,sell,2025-09-01 09:29:00,24532.75,24432.7,,24532.75,24432.7
2025-09-01 10:25:00,24513.9,24533.25,24511.9,24528.6,0.0,,2025-09-01 09:29:00,24532.75,24432.7,,24532.75,24432.7
2025-09-01 10:30:00,24528.95,24529.0,24509.05,24511.9,0.0,,2025-09-01 09:29:00,24532.75,24432.7,,24532.75,24432.7
2025-09-01 10:35:00,24511.05,24517.65,24508.05,24514.7,0.0,,2025-09-01 09:29:00,24532.75,24432.7,,24532.75,24432.7
2025-09-01 10:40:00,24513.95,24530.5,24513.35,24529.65,0.0,,2025-09-01 09:29:00,24532.75,24432.7,,24532.75,24432.7
2025-09-01 10:45:00,24529.5,24543.25,24527.3,24538.75,0.0,buy,2025-09-01 10:45:00,24532.75,24432.7,bull,24532.75,24432.7
2025-09-01 10:50:00,24539.15,24541.95,24525.95,24528.7,0.0,,2025-09-01 10:45:00,24532.75,24432.7,bull,24532.75,24432.7
2025-09-01 10:55:00,24529.05,24546.75,24523.6,24545.0,0.0,,2025-09-01 10:45:00,24532.75,24432.7,bull,24532.75,24432.7
2025-09-01 11:00:00,24545.8,24553.3,24542.5,24550.9,0.0,,2025-09-01 10:45:00,24532.75,24432.7,bull,24532.75,24432.7
2025-09-01 11:05:00,24551.6,24552.3,24537.6,24542.45,0.0,,2025-09-01 10:45:00,24532.75,24432.7,bull,24532.75,24432.7
2025-09-01 11:10:00,24543.35,24549.45,24542.5,24548.7,0.0,,2025-09-01 10:45:00,24532.75,24432.7,bull,24532.75,24432.7
2025-09-01 11:15:00,24549.35,24550.2,24539.3,24546.2,0.0,,2025-09-01 10:45:00,24532.75,24432.7,bull,24532.75,24432.7
2025-09-01 11:20:00,24547.0,24548.3,24539.85,24542.05,0.0,,2025-09-01 10:45:00,24532.75,24432.7,bull,24532.75,24432.7
2025-09-01 11:25:00,24542.45,24553.45,24542.2,24550.35,0.0,,2025-09-01 10:45:00,24532.75,24432.7,bull,24532.75,24432.7
2025-09-01 11:30:00,24549.85,24555.85,24538.4,24543.15,0.0,,2025-09-01 10:45:00,24532.75,24432.7,bull,24532.75,24432.7
2025-09-01 11:35:00,24543.45,24547.7,24540.8,24543.5,0.0,,2025-09-01 10:45:00,24532.75,24432.7,bull,24532.75,24432.7
2025-09-01 11:40:00,24544.8,24545.85,24537.65,24538.55,0.0,,2025-09-01 10:45:00,24532.75,24432.7,bull,24532.75,24432.7
2025-09-01 11:45:00,24540.3,24541.9,24522.4,24522.65,0.0,,2025-09-01 10:45:00,24532.75,24432.7,bull,24532.75,24432.7
2025-09-01 11:50:00,24522.15,24529.25,24519.25,24523.0,0.0,,2025-09-01 10:45:00,24532.75,24432.7,bull,24532.75,24432.7
2025-09-01 11:55:00,24523.35,24527.5,24518.8,24521.65,0.0,,2025-09-01 10:45:00,24532.75,24432.7,bull,24532.75,24432.7
2025-09-01 12:00:00,24521.35,24541.75,24521.35,24536.5,0.0,,2025-09-01 10:45:00,24532.75,24432.7,bull,24532.75,24432.7
2025-09-01 12:05:00,24536.65,24545.2,24536.5,24543.0,0.0,,2025-09-01 10:45:00,24532.75,24432.7,bull,24532.75,24432.7
2025-09-01 12:10:00,24542.5,24549.45,24541.0,24546.85,0.0,,2025-09-01 10:45:00,24532.75,24432.7,bull,24532.75,24432.7
2025-09-01 12:15:00,24548.4,24553.45,24543.8,24547.05,0.0,,2025-09-01 10:45:00,24532.75,24432.7,bull,24532.75,24432.7
2025-09-01 12:20:00,24547.55,24557.15,24540.25,24557.15,0.0,,2025-09-01 10:45:00,24532.75,24432.7,bull,24532.75,24432.7
2025-09-01 12:25:00,24558.5,24574.05,24558.3,24571.6,0.0,,2025-09-01 10:45:00,24532.75,24432.7,bull,24532.75,24432.7
2025-09-01 12:30:00,24572.05,24574.35,24563.15,24569.05,0.0,,2025-09-01 10:45:00,24532.75,24432.7,bull,24532.75,24432.7
2025-09-01 12:35:00,24570.2,24575.8,24558.9,24566.3,0.0,,2025-09-01 10:45:00,24532.75,24432.7,bull,24532.75,24432.7
2025-09-01 12:40:00,24565.7,24575.45,24559.6,24563.95,0.0,,2025-09-01 10:45:00,24532.75,24432.7,bull,24532.75,24432.7
2025-09-01 12:45:00,24564.9,24570.7,24559.9,24565.6,0.0,,2025-09-01 10:45:00,24532.75,24432.7,bull,24532.75,24432.7
2025-09-01 12:50:00,24565.4,24570.6,24557.25,24565.25,0.0,,2025-09-01 10:45:00,24532.75,24432.7,bull,24532.75,24432.7
2025-09-01 12:55:00,24565.35,24569.8,24556.55,24569.65,0.0,,2025-09-01 10:45:00,24532.75,24432.7,bull,24532.75,24432.7
2025-09-01 13:00:00,24569.25,24578.3,24566.5,24577.9,0.0,,2025-09-01 10:45:00,24532.75,24432.7,bull,24532.75,24432.7
2025-09-01 13:05:00,24578.15,24591.3,24576.95,24589.35,0.0,,2025-09-01 10:45:00,24532.75,24432.7,bull,24532.75,24432.7
2025-09-01 13:10:00,24589.05,24591.95,24581.3,24590.5,0.0,,2025-09-01 10:45:00,24532.75,24432.7,bull,24532.75,24432.7
2025-09-01 13:15:00,24589.6,24594.1,24588.1,24592.45,0.0,,2025-09-01 10:45:00,24532.75,24432.7,bull,24532.75,24432.7
2025-09-01 13:20:00,24592.1,24595.65,24587.3,24588.0,0.0,,2025-09-01 10:45:00,24532.75,24432.7,bull,24532.75,24432.7
2025-09-01 13:25:00,24587.95,24594.05,24581.5,24592.9,0.0,,2025-09-01 10:45:00,24532.75,24432.7,bull,24532.75,24432.7
2025-09-01 13:30:00,24594.05,24606.2,24593.4,24601.0,0.0,,2025-09-01 10:45:00,24532.75,24432.7,bull,24532.75,24432.7
2025-09-01 13:35:00,24601.85,24605.0,24597.25,24603.15,0.0,,2025-09-01 10:45:00,24532.75,24432.7,bull,24532.75,24432.7
2025-09-01 13:40:00,24603.05,24603.5,24588.2,24593.7,0.0,,2025-09-01 10:45:00,24532.75,24432.7,bull,24532.75,24432.7
2025-09-01 13:45:00,24594.75,24599.6,24591.1,24596.65,0.0,,2025-09-01 10:45:00,24532.75,24432.7,bull,24532.75,24432.7
2025-09-01 13:50:00,24597.35,24606.25,24591.45,24596.2,0.0,,2025-09-01 10:45:00,24532.75,24432.7,bull,24532.75,24432.7
2025-09-01 13:55:00,24597.0,24602.65,24593.9,24597.2,0.0,,2025-09-01 10:45:00,24532.75,24432.7,bull,24532.75,24432.7
2025-09-01 14:00:00,24597.1,24607.0,24597.1,24606.05,0.0,,2025-09-01 10:45:00,24532.75,24432.7,bull,24532.75,24432.7
2025-09-01 14:05:00,24607.3,24614.35,24602.05,24612.75,0.0,,2025-09-01 10:45:00,24532.75,24432.7,bull,24532.75,24432.7
2025-09-01 14:10:00,24613.05,24620.25,24610.2,24617.1,0.0,,2025-09-01 10:45:00,24532.75,24432.7,bull,24532.75,24432.7
2025-09-01 14:15:00,24617.75,24619.1,24608.75,24610.4,0.0,,2025-09-01 10:45:00,24532.75,24432.7,bull,24532.75,24432.7
2025-09-01 14:20:00,24610.4,24614.05,24607.45,24609.5,0.0,,2025-09-01 10:45:00,24532.75,24432.7,bull,24532.75,24432.7
2025-09-01 14:25:00,24609.7,24611.05,24598.8,24600.95,0.0,,2025-09-01 10:45:00,24532.75,24432.7,bull,24532.75,24432.7
2025-09-01 14:30:00,24600.55,24617.0,24600.55,24616.05,0.0,,2025-09-01 10:45:00,24532.75,24432.7,bull,24532.75,24432.7
2025-09-01 14:35:00,24616.3,24618.85,24611.65,24617.9,0.0,,2025-09-01 10:45:00,24532.75,24432.7,bull,24532.75,24432.7
2025-09-01 14:40:00,24617.9,24623.0,24610.5,24615.4,0.0,,2025-09-01 10:45:00,24532.75,24432.7,bull,24532.75,24432.7
2025-09-01 14:45:00,24616.6,24619.45,24614.75,24617.15,0.0,,2025-09-01 10:45:00,24532.75,24432.7,bull,24532.75,24432.7
2025-09-01 14:50:00,24617.6,24619.15,24614.0,24616.6,0.0,,2025-09-01 10:45:00,24532.75,24432.7,bull,24532.75,24432.7
2025-09-01 14:55:00,24616.7,24633.75,24616.6,24632.25,0.0,,2025-09-01 10:45:00,24532.75,24432.7,bull,24532.75,24432.7
2025-09-01 15:00:00,24632.7,24634.9,24613.5,24625.1,0.0,sell,2025-09-01 10:45:00,24532.75,24432.7,bull,24532.75,24432.7
2025-09-01 15:05:00,24625.8,24630.0,24622.95,24628.85,0.0,,2025-09-01 10:45:00,24532.75,24432.7,bull,24532.75,24432.7
2025-09-01 15:10:00,24627.55,24631.7,24621.35,24625.75,0.0,,2025-09-01 10:45:00,24532.75,24432.7,bull,24532.75,24432.7
2025-09-01 15:15:00,24625.05,24629.4,24621.6,24628.55,0.0,,2025-09-01 10:45:00,24532.75,24432.7,bull,24532.75,24432.7
2025-09-01 15:20:00,24628.45,24631.15,24624.35,24626.65,0.0,,2025-09-01 10:45:00,24532.75,24432.7,bull,24532.75,24432.7
2025-09-01 15:25:00,24627.6,24629.6,24619.9,24624.3,0.0,,2025-09-01 10:45:00,24532.75,24432.7,bull,24532.75,24432.7
2025-09-01 15:30:00,24624.3,24624.3,24624.3,24624.3,0.0,,,24532.75,24432.7,,24532.75,24432.7
2025-09-02 09:10:00,24653.0,24653.0,24653.0,24653.0,0.0,,,24532.75,24432.7,,24653.0,24653.0
2025-09-02 09:15:00,24662.95,24685.3,24651.85,24662.9,0.0,,,24532.75,24432.7,,24685.3,24651.85
2025-09-02 09:20:00,24660.45,24660.45,24633.2,24641.2,0.0,,,24532.75,24432.7,,24685.3,24633.2
2025-09-02 09:25:00,24639.95,24653.6,24632.2,24653.55,0.0,,2025-09-02 09:29:00,24685.3,24632.2,,24685.3,24632.2
2025-09-02 09:30:00,24653.25,24678.65,24652.05,24676.6,0.0,,2025-09-02 09:29:00,24685.3,24632.2,,24685.3,24632.2
2025-09-02 09:35:00,24677.3,24691.95,24675.25,24687.55,0.0,buy,2025-09-02 09:37:00,24685.3,24632.2,bull,24685.3,24632.2
2025-09-02 09:40:00,24688.05,24694.95,24676.45,24688.75,0.0,,2025-09-02 09:37:00,24685.3,24632.2,bull,24685.3,24632.2
2025-09-02 09:45:00,24689.45,24702.25,24689.25,24697.9,0.0,,2025-09-02 09:37:00,24685.3,24632.2,bull,24685.3,24632.2
2025-09-02 09:50:00,24698.1,24719.05,24697.4,24714.6,0.0,,2025-09-02 09:37:00,24685.3,24632.2,bull,24685.3,24632.2
2025-09-02 09:55:00,24716.0,24728.6,24706.6,24724.45,0.0,,2025-09-02 09:37:00,24685.3,24632.2,bull,24685.3,24632.2
2025-09-02 10:00:00,24723.9,24746.05,24723.9,24746.05,0.0,,2025-09-02 09:37:00,24685.3,24632.2,bull,24685.3,24632.2
2025-09-02 10:05:00,24746.25,24747.15,24734.3,24740.95,0.0,,2025-09-02 09:37:00,24685.3,24632.2,bull,24685.3,24632.2
2025-09-02 10:10:00,24740.6,24742.25,24723.9,24728.75,0.0,,2025-09-02 09:37:00,24685.3,24632.2,bull,24685.3,24632.2
2025-09-02 10:15:00,24729.6,24732.8,24718.85,24727.2,0.0,,2025-09-02 09:37:00,24685.3,24632.2,bull,24685.3,24632.2
2025-09-02 10:20:00,24727.85,24737.3,24718.95,24720.25,0.0,,2025-09-02 09:37:00,24685.3,24632.2,bull,24685.3,24632.2
2025-09-02 10:25:00,24720.7,24740.55,24719.4,24735.7,0.0,,2025-09-02 09:37:00,24685.3,24632.2,bull,24685.3,24632.2
2025-09-02 10:30:00,24734.6,24741.4,24716.35,24718.45,0.0,,2025-09-02 09:37:00,24685.3,24632.2,bull,24685.3,24632.2
2025-09-02 10:35:00,24717.6,24729.75,24709.25,24721.4,0.0,,2025-09-02 09:37:00,24685.3,24632.2,bull,24685.3,24632.2
2025-09-02 10:40:00,24721.45,24737.9,24721.45,24736.65,0.0,,2025-09-02 09:37:00,24685.3,24632.2,bull,24685.3,24632.2
2025-09-02 10:45:00,24737.2,24738.25,24727.55,24732.2,0.0,,2025-09-02 09:37:00,24685.3,24632.2,bull,24685.3,24632.2
2025-09-02 10:50:00,24730.85,24737.0,24723.65,24735.1,0.0,,2025-09-02 09:37:00,24685.3,24632.2,bull,24685.3,24632.2
2025-09-02 10:55:00,24735.2,24740.7,24731.75,24737.7,0.0,,2025-09-02 09:37:00,24685.3,24632.2,bull,24685.3,24632.2
2025-09-02 11:00:00,24737.65,24744.65,24730.9,24731.85,0.0,,2025-09-02 09:37:00,24685.3,24632.2,bull,24685.3,24632.2
2025-09-02 11:05:00,24732.2,24743.55,24726.3,24738.7,0.0,,2025-09-02 09:37:00,24685.3,24632.2,bull,24685.3,24632.2
2025-09-02 11:10:00,24739.45,24749.05,24724.55,24731.75,0.0,,2025-09-02 09:37:00,24685.3,24632.2,bull,24685.3,24632.2
2025-09-02 11:15:00,24731.5,24731.5,24722.15,24726.45,0.0,,2025-09-02 09:37:00,24685.3,24632.2,bull,24685.3,24632.2
2025-09-02 11:20:00,24726.15,24729.75,24715.35,24717.5,0.0,,2025-09-02 09:37:00,24685.3,24632.2,bull,24685.3,24632.2
2025-09-02 11:25:00,24718.0,24731.85,24718.0,24721.9,0.0,,2025-09-02 09:37:00,24685.3,24632.2,bull,24685.3,24632.2
2025-09-02 11:30:00,24723.2,24738.0,24721.0,24738.0,0.0,,2025-09-02 09:37:00,24685.3,24632.2,bull,24685.3,24632.2
2025-09-02 11:35:00,24737.75,24740.4,24732.25,24740.4,0.0,,2025-09-02 09:37:00,24685.3,24632.2,bull,24685.3,24632.2
2025-09-02 11:40:00,24740.2,24741.3,24730.65,24733.65,0.0,,2025-09-02 09:37:00,24685.3,24632.2,bull,24685.3,24632.2
2025-09-02 11:45:00,24734.25,24739.9,24724.7,24732.7,0.0,,2025-09-02 09:37:00,24685.3,24632.2,bull,24685.3,24632.2
2025-09-02 11:50:00,24732.5,24733.65,24726.85,24729.2,0.0,,2025-09-02 09:37:00,24685.3,24632.2,bull,24685.3,24632.2
2025-09-02 11:55:00,24729.1,24734.85,24722.95,24729.3,0.0,,2025-09-02 09:37:00,24685.3,24632.2,bull,24685.3,24632.2
2025-09-02 12:00:00,24725.75,24738.45,24724.1,24734.85,0.0,,2025-09-02 09:37:00,24685.3,24632.2,bull,24685.3,24632.2
2025-09-02 12:05:00,24733.6,24734.75,24724.95,24730.35,0.0,,2025-09-02 09:37:00,24685.3,24632.2,bull,24685.3,24632.2
2025-09-02 12:10:00,24730.1,24730.1,24721.7,24726.05,0.0,,2025-09-02 09:37:00,24685.3,24632.2,bull,24685.3,24632.2
2025-09-02 12:15:00,24726.8,24727.8,24710.9,24717.55,0.0,,2025-09-02 09:37:00,24685.3,24632.2,bull,24685.3,24632.2
2025-09-02 12:20:00,24717.05,24730.5,24714.75,24730.4,0.0,,2025-09-02 09:37:00,24685.3,24632.2,bull,24685.3,24632.2
2025-09-02 12:25:00,24729.45,24738.55,24726.55,24737.05,0.0,,2025-09-02 09:37:00,24685.3,24632.2,bull,24685.3,24632.2
2025-09-02 12:30:00,24737.0,24749.35,24731.95,24743.6,0.0,,2025-09-02 09:37:00,24685.3,24632.2,bull,24685.3,24632.2
2025-09-02 12:35:00,24743.9,24754.65,24736.55,24752.55,0.0,,2025-09-02 09:37:00,24685.3,24632.2,bull,24685.3,24632.2
2025-09-02 12:40:00,24752.8,24753.8,24738.1,24738.1,0.0,,2025-09-02 09:37:00,24685.3,24632.2,bull,24685.3,24632.2
2025-09-02 12:45:00,24739.45,24746.25,24734.15,24743.45,0.0,,2025-09-02 09:37:00,24685.3,24632.2,bull,24685.3,24632.2
2025-09-02 12:50:00,24744.75,24745.65,24737.6,24741.0,0.0,,2025-09-02 09:37:00,24685.3,24632.2,bull,24685.3,24632.2
2025-09-02 12:55:00,24739.65,24744.35,24738.6,24743.95,0.0,,2025-09-02 09:37:00,24685.3,24632.2,bull,24685.3,24632.2
2025-09-02 13:00:00,24741.9,24746.75,24734.65,24738.25,0.0,,2025-09-02 09:37:00,24685.3,24632.2,bull,24685.3,24632.2
2025-09-02 13:05:00,24737.35,24740.35,24730.65,24732.95,0.0,,2025-09-02 09:37:00,24685.3,24632.2,bull,24685.3,24632.2
2025-09-02 13:10:00,24732.25,24735.1,24713.7,24724.85,0.0,,2025-09-02 09:37:00,24685.3,24632.2,bull,24685.3,24632.2
2025-09-02 13:15:00,24724.1,24726.65,24702.65,24707.3,0.0,sell,2025-09-02 09:37:00,24685.3,24632.2,bull,24685.3,24632.2
2025-09-02 13:20:00,24706.8,24706.85,24680.15,24686.15,0.0,,2025-09-02 09:37:00,24685.3,24632.2,bull,24685.3,24632.2
2025-09-02 13:25:00,24686.2,24698.85,24678.55,24684.75,0.0,,2025-09-02 09:29:00,24685.3,24632.2,,24685.3,24632.2
2025-09-02 13:30:00,24684.8,24705.55,24681.75,24697.0,0.0,buy,2025-09-02 13:30:00,24685.3,24632.2,bull,24685.3,24632.2
2025-09-02 13:35:00,24697.25,24705.15,24690.85,24699.2,0.0,,2025-09-02 13:30:00,24685.3,24632.2,bull,24685.3,24632.2
2025-09-02 13:40:00,24699.3,24699.3,24650.25,24655.05,0.0,sell,2025-09-02 09:29:00,24685.3,24632.2,,24685.3,24632.2
2025-09-02 13:45:00,24655.7,24662.15,24644.55,24660.5,0.0,,2025-09-02 09:29:00,24685.3,24632.2,,24685.3,24632.2
2025-09-02 13:50:00,24660.9,24663.7,24624.2,24627.7,0.0,sell,2025-09-02 13:54:00,24685.3,24632.2,bear,24685.3,24632.2
2025-09-02 13:55:00,24626.0,24626.05,24583.55,24589.9,0.0,,2025-09-02 13:54:00,24685.3,24632.2,bear,24685.3,24632.2
2025-09-02 14:00:00,24588.65,24594.8,24555.4,24562.85,0.0,,2025-09-02 13:54:00,24685.3,24632.2,bear,24685.3,24632.2
2025-09-02 14:05:00,24560.75,24574.35,24537.65,24564.6,0.0,,2025-09-02 13:54:00,24685.3,24632.2,bear,24685.3,24632.2
2025-09-02 14:10:00,24564.25,24587.3,24552.55,24561.3,0.0,buy,2025-09-02 13:54:00,24685.3,24632.2,bear,24685.3,24632.2
2025-09-02 14:15:00,24560.25,24577.5,24554.05,24570.2,0.0,,2025-09-02 13:54:00,24685.3,24632.2,bear,24685.3,24632.2
2025-09-02 14:20:00,24572.7,24605.2,24552.2,24553.65,0.0,,2025-09-02 13:54:00,24685.3,24632.2,bear,24685.3,24632.2
2025-09-02 14:25:00,24552.55,24557.95,24524.8,24540.7,0.0,,2025-09-02 13:54:00,24685.3,24632.2,bear,24685.3,24632.2
2025-09-02 14:30:00,24540.3,24563.95,24533.1,24554.7,0.0,,2025-09-02 13:54:00,24685.3,24632.2,bear,24685.3,24632.2
2025-09-02 14:35:00,24557.8,24604.55,24556.5,24574.9,0.0,,2025-09-02 13:54:00,24685.3,24632.2,bear,24685.3,24632.2
2025-09-02 14:40:00,24575.25,24597.65,24572.9,24590.95,0.0,,2025-09-02 13:54:00,24685.3,24632.2,bear,24685.3,24632.2
2025-09-02 14:45:00,24591.0,24617.25,24588.2,24592.1,0.0,,2025-09-02 13:54:00,24685.3,24632.2,bear,24685.3,24632.2
2025-09-02 14:50:00,24593.25,24599.35,24557.25,24563.35,0.0,,2025-09-02 13:54:00,24685.3,24632.2,bear,24685.3,24632.2
2025-09-02 14:55:00,24563.95,24586.45,24559.65,24574.45,0.0,,2025-09-02 13:54:00,24685.3,24632.2,bear,24685.3,24632.2
2025-09-02 15:00:00,24573.8,24585.75,24563.0,24570.05,0.0,,2025-09-02 13:54:00,24685.3,24632.2,bear,24685.3,24632.2
2025-09-02 15:05:00,24569.95,24591.95,24566.65,24586.5,0.0,,2025-09-02 13:54:00,24685.3,24632.2,bear,24685.3,24632.2
2025-09-02 15:10:00,24587.9,24596.15,24584.1,24584.8,0.0,,2025-09-02 13:54:00,24685.3,24632.2,bear,24685.3,24632.2
2025-09-02 15:15:00,24586.55,24591.65,24570.6,24584.4,0.0,,2025-09-02 13:54:00,24685.3,24632.2,bear,24685.3,24632.2
2025-09-02 15:20:00,24586.05,24586.65,24570.6,24574.15,0.0,,2025-09-02 13:54:00,24685.3,24632.2,bear,24685.3,24632.2
2025-09-02 15:25:00,24575.7,24578.6,24567.3,24575.0,0.0,,2025-09-02 13:54:00,24685.3,24632.2,bear,24685.3,24632.2
2025-09-02 15:30:00,24574.95,24574.95,24574.95,24574.95,0.0,,,24685.3,24632.2,,24685.3,24632.2
2025-09-03 09:10:00,24616.5,24616.5,24616.5,24616.5,0.0,,,24685.3,24632.2,,24616.5,24616.5
2025-09-03 09:15:00,24615.15,24615.15,24533.3,24541.0,0.0,,,24685.3,24632.2,,24616.5,24533.3
2025-09-03 09:20:00,24540.8,24568.35,24539.45,24558.25,0.0,,,24685.3,24632.2,,24616.5,24533.3
2025-09-03 09:25:00,24559.8,24598.1,24558.2,24597.45,0.0,,2025-09-03 09:29:00,24616.5,24533.3,,24616.5,24533.3
2025-09-03 09:30:00,24597.7,24599.5,24561.3,24577.25,0.0,,2025-09-03 09:29:00,24616.5,24533.3,,24616.5,24533.3
2025-09-03 09:35:00,24577.4,24593.2,24550.9,24552.65,0.0,,2025-09-03 09:29:00,24616.5,24533.3,,24616.5,24533.3
2025-09-03 09:40:00,24552.95,24563.6,24548.7,24551.95,0.0,,2025-09-03 09:29:00,24616.5,24533.3,,24616.5,24533.3
2025-09-03 09:45:00,24552.05,24571.25,24551.55,24566.55,0.0,,2025-09-03 09:29:00,24616.5,24533.3,,24616.5,24533.3
2025-09-03 09:50:00,24567.95,24579.65,24567.3,24579.0,0.0,,2025-09-03 09:29:00,24616.5,24533.3,,24616.5,24533.3
2025-09-03 09:55:00,24579.6,24582.1,24569.7,24579.1,0.0,,2025-09-03 09:29:00,24616.5,24533.3,,24616.5,24533.3
2025-09-03 10:00:00,24578.45,24601.6,24576.45,24600.9,0.0,,2025-09-03 09:29:00,24616.5,24533.3,,24616.5,24533.3
2025-09-03 10:05:00,24600.7,24613.95,24598.25,24608.85,0.0,,2025-09-03 09:29:00,24616.5,24533.3,,24616.5,24533.3
2025-09-03 10:10:00,24608.1,24612.9,24601.2,24606.75,0.0,,2025-09-03 09:29:00,24616.5,24533.3,,24616.5,24533.3
2025-09-03 10:15:00,24607.1,24608.15,24587.0,24591.1,0.0,,2025-09-03 09:29:00,24616.5,24533.3,,24616.5,24533.3
2025-09-03 10:20:00,24592.35,24600.8,24585.5,24596.1,0.0,,2025-09-03 09:29:00,24616.5,24533.3,,24616.5,24533.3
2025-09-03 10:25:00,24595.45,24602.7,24592.95,24597.35,0.0,,2025-09-03 09:29:00,24616.5,24533.3,,24616.5,24533.3
2025-09-03 10:30:00,24596.3,24598.0,24583.9,24585.1,0.0,,2025-09-03 09:29:00,24616.5,24533.3,,24616.5,24533.3
2025-09-03 10:35:00,24585.45,24586.75,24561.2,24562.05,0.0,,2025-09-03 09:29:00,24616.5,24533.3,,24616.5,24533.3
2025-09-03 10:40:00,24561.95,24570.65,24559.6,24562.75,0.0,,2025-09-03 09:29:00,24616.5,24533.3,,24616.5,24533.3
2025-09-03 10:45:00,24561.75,24565.75,24556.9,24564.65,0.0,,2025-09-03 09:29:00,24616.5,24533.3,,24616.5,24533.3
2025-09-03 10:50:00,24564.3,24569.3,24553.7,24559.6,0.0,,2025-09-03 09:29:00,24616.5,24533.3,,24616.5,24533.3
2025-09-03 10:55:00,24559.6,24576.65,24559.5,24573.6,0.0,,2025-09-03 09:29:00,24616.5,24533.3,,24616.5,24533.3
2025-09-03 11:00:00,24573.7,24577.85,24564.75,24570.25,0.0,,2025-09-03 09:29:00,24616.5,24533.3,,24616.5,24533.3
2025-09-03 11:05:00,24570.75,24579.4,24554.9,24578.25,0.0,,2025-09-03 09:29:00,24616.5,24533.3,,24616.5,24533.3
2025-09-03 11:10:00,24578.0,24587.5,24575.6,24576.9,0.0,,2025-09-03 09:29:00,24616.5,24533.3,,24616.5,24533.3
2025-09-03 11:15:00,24576.25,24585.45,24562.5,24583.95,0.0,,2025-09-03 09:29:00,24616.5,24533.3,,24616.5,24533.3
2025-09-03 11:20:00,24585.45,24597.35,24558.4,24562.4,0.0,,2025-09-03 09:29:00,24616.5,24533.3,,24616.5,24533.3
2025-09-03 11:25:00,24561.8,24573.5,24557.55,24572.65,0.0,,2025-09-03 09:29:00,24616.5,24533.3,,24616.5,24533.3
2025-09-03 11:30:00,24572.3,24574.75,24563.5,24569.55,0.0,,2025-09-03 09:29:00,24616.5,24533.3,,24616.5,24533.3
2025-09-03 11:35:00,24570.55,24587.25,24569.85,24585.8,0.0,,2025-09-03 09:29:00,24616.5,24533.3,,24616.5,24533.3
2025-09-03 11:40:00,24585.3,24589.45,24582.15,24586.5,0.0,,2025-09-03 09:29:00,24616.5,24533.3,,24616.5,24533.3
2025-09-03 11:45:00,24586.6,24587.85,24581.5,24582.5,0.0,,2025-09-03 09:29:00,24616.5,24533.3,,24616.5,24533.3
2025-09-03 11:50:00,24582.6,24588.4,24573.35,24587.0,0.0,,2025-09-03 09:29:00,24616.5,24533.3,,24616.5,24533.3
2025-09-03 11:55:00,24586.95,24602.1,24585.2,24601.25,0.0,,2025-09-03 09:29:00,24616.5,24533.3,,24616.5,24533.3
2025-09-03 12:00:00,24601.55,24605.5,24598.3,24604.2,0.0,,2025-09-03 09:29:00,24616.5,24533.3,,24616.5,24533.3
2025-09-03 12:05:00,24604.05,24611.45,24602.3,24609.8,0.0,,2025-09-03 09:29:00,24616.5,24533.3,,24616.5,24533.3
2025-09-03 12:10:00,24609.2,24632.7,24608.65,24630.55,0.0,buy,2025-09-03 12:11:00,24616.5,24533.3,bull,24616.5,24533.3
2025-09-03 12:15:00,24630.55,24636.45,24628.9,24631.85,0.0,,2025-09-03 12:11:00,24616.5,24533.3,bull,24616.5,24533.3
2025-09-03 12:20:00,24632.05,24648.4,24631.75,24642.7,0.0,,2025-09-03 12:11:00,24616.5,24533.3,bull,24616.5,24533.3
2025-09-03 12:25:00,24643.0,24644.6,24632.4,24637.75,0.0,,2025-09-03 12:11:00,24616.5,24533.3,bull,24616.5,24533.3
2025-09-03 12:30:00,24639.05,24641.8,24635.5,24640.8,0.0,,2025-09-03 12:11:00,24616.5,24533.3,bull,24616.5,24533.3
2025-09-03 12:35:00,24640.3,24647.15,24638.0,24646.4,0.0,,2025-09-03 12:11:00,24616.5,24533.3,bull,24616.5,24533.3
2025-09-03 12:40:00,24645.65,24648.7,24624.85,24627.0,0.0,,2025-09-03 12:11:00,24616.5,24533.3,bull,24616.5,24533.3
2025-09-03 12:45:00,24626.3,24634.35,24614.7,24615.6,0.0,,2025-09-03 12:11:00,24616.5,24533.3,bull,24616.5,24533.3
2025-09-03 12:50:00,24615.1,24622.85,24602.3,24609.75,0.0,,2025-09-03 12:11:00,24616.5,24533.3,bull,24616.5,24533.3
2025-09-03 12:55:00,24609.2,24614.05,24593.3,24599.25,0.0,sell,2025-09-03 09:29:00,24616.5,24533.3,,24616.5,24533.3
2025-09-03 13:00:00,24598.85,24605.5,24595.65,24599.75,0.0,,2025-09-03 09:29:00,24616.5,24533.3,,24616.5,24533.3
2025-09-03 13:05:00,24599.95,24614.75,24599.2,24608.5,0.0,,2025-09-03 09:29:00,24616.5,24533.3,,24616.5,24533.3
2025-09-03 13:10:00,24608.5,24610.35,24598.95,24603.0,0.0,,2025-09-03 09:29:00,24616.5,24533.3,,24616.5,24533.3
2025-09-03 13:15:00,24602.65,24616.4,24602.65,24615.65,0.0,,2025-09-03 09:29:00,24616.5,24533.3,,24616.5,24533.3
2025-09-03 13:20:00,24615.65,24623.3,24608.45,24612.0,0.0,buy,2025-09-03 13:20:00,24616.5,24533.3,bull,24616.5,24533.3
2025-09-03 13:25:00,24611.5,24618.1,24606.65,24617.65,0.0,,2025-09-03 13:20:00,24616.5,24533.3,bull,24616.5,24533.3
2025-09-03 13:30:00,24617.25,24623.5,24606.8,24611.95,0.0,,2025-09-03 13:20:00,24616.5,24533.3,bull,24616.5,24533.3
2025-09-03 13:35:00,24611.0,24611.0,24598.9,24604.65,0.0,,2025-09-03 13:20:00,24616.5,24533.3,bull,24616.5,24533.3
2025-09-03 13:40:00,24604.4,24632.65,24604.4,24629.6,0.0,,2025-09-03 13:20:00,24616.5,24533.3,bull,24616.5,24533.3
2025-09-03 13:45:00,24629.0,24640.3,24628.0,24639.1,0.0,,2025-09-03 13:20:00,24616.5,24533.3,bull,24616.5,24533.3
2025-09-03 13:50:00,24639.05,24648.2,24637.55,24644.35,0.0,,2025-09-03 13:20:00,24616.5,24533.3,bull,24616.5,24533.3
2025-09-03 13:55:00,24645.7,24654.55,24643.05,24652.95,0.0,,2025-09-03 13:20:00,24616.5,24533.3,bull,24616.5,24533.3
2025-09-03 14:00:00,24653.25,24655.05,24642.6,24649.2,0.0,,2025-09-03 13:20:00,24616.5,24533.3,bull,24616.5,24533.3
2025-09-03 14:05:00,24648.85,24663.4,24648.8,24662.15,0.0,,2025-09-03 13:20:00,24616.5,24533.3,bull,24616.5,24533.3
2025-09-03 14:10:00,24663.15,24673.35,24655.75,24659.0,0.0,,2025-09-03 13:20:00,24616.5,24533.3,bull,24616.5,24533.3
2025-09-03 14:15:00,24659.65,24666.5,24656.55,24665.55,0.0,,2025-09-03 13:20:00,24616.5,24533.3,bull,24616.5,24533.3
2025-09-03 14:20:00,24665.5,24667.8,24657.4,24663.9,0.0,,2025-09-03 13:20:00,24616.5,24533.3,bull,24616.5,24533.3
2025-09-03 14:25:00,24664.9,24670.8,24662.9,24667.15,0.0,,2025-09-03 13:20:00,24616.5,24533.3,bull,24616.5,24533.3
2025-09-03 14:30:00,24667.15,24679.55,24667.15,24674.35,0.0,,2025-09-03 13:20:00,24616.5,24533.3,bull,24616.5,24533.3
2025-09-03 14:35:00,24675.25,24680.0,24671.25,24673.6,0.0,,2025-09-03 13:20:00,24616.5,24533.3,bull,24616.5,24533.3
2025-09-03 14:40:00,24673.4,24675.5,24656.7,24660.75,0.0,,2025-09-03 13:20:00,24616.5,24533.3,bull,24616.5,24533.3
2025-09-03 14:45:00,24660.85,24676.85,24659.7,24665.8,0.0,,2025-09-03 13:20:00,24616.5,24533.3,bull,24616.5,24533.3
2025-09-03 14:50:00,24666.65,24685.2,24666.35,24683.9,0.0,,2025-09-03 13:20:00,24616.5,24533.3,bull,24616.5,24533.3
2025-09-03 14:55:00,24683.85,24685.05,24670.65,24681.0,0.0,,2025-09-03 13:20:00,24616.5,24533.3,bull,24616.5,24533.3
2025-09-03 15:00:00,24680.05,24703.3,24679.9,24702.8,0.0,sell,2025-09-03 13:20:00,24616.5,24533.3,bull,24616.5,24533.3
2025-09-03 15:05:00,24703.6,24714.35,24700.45,24714.35,0.0,,2025-09-03 13:20:00,24616.5,24533.3,bull,24616.5,24533.3
2025-09-03 15:10:00,24717.05,24736.6,24716.1,24725.35,0.0,,2025-09-03 13:20:00,24616.5,24533.3,bull,24616.5,24533.3
2025-09-03 15:15:00,24724.6,24728.55,24710.6,24728.4,0.0,,2025-09-03 13:20:00,24616.5,24533.3,bull,24616.5,24533.3
2025-09-03 15:20:00,24728.7,24728.7,24717.0,24720.6,0.0,,2025-09-03 13:20:00,24616.5,24533.3,bull,24616.5,24533.3
2025-09-03 15:25:00,24720.05,24720.05,24705.05,24713.6,0.0,,2025-09-03 13:20:00,24616.5,24533.3,bull,24616.5,24533.3
2025-09-03 15:30:00,24716.55,24716.55,24716.55,24716.55,0.0,,,24616.5,24533.3,,24616.5,24533.3
2025-09-04 09:10:00,24980.75,24980.75,24980.75,24980.75,0.0,,,24616.5,24533.3,,24980.75,24980.75
2025-09-04 09:15:00,24950.35,24950.35,24857.85,24863.8,0.0,,,24616.5,24533.3,,24980.75,24857.85
2025-09-04 09:20:00,24863.6,24882.9,24848.15,24873.75,0.0,,,24616.5,24533.3,,24980.75,24848.15
2025-09-04 09:25:00,24872.3,24900.25,24862.55,24897.2,0.0,,2025-09-04 09:29:00,24980.75,24848.15,,24980.75,24848.15
2025-09-04 09:30:00,24899.1,24933.0,24899.1,24930.25,0.0,,2025-09-04 09:29:00,24980.75,24848.15,,24980.75,24848.15
2025-09-04 09:35:00,24930.6,24931.3,24893.85,24901.15,0.0,,2025-09-04 09:29:00,24980.75,24848.15,,24980.75,24848.15
2025-09-04 09:40:00,24901.1,24913.9,24885.85,24885.85,0.0,,2025-09-04 09:29:00,24980.75,24848.15,,24980.75,24848.15
2025-09-04 09:45:00,24887.25,24912.75,24882.1,24911.6,0.0,,2025-09-04 09:29:00,24980.75,24848.15,,24980.75,24848.15
2025-09-04 09:50:00,24911.05,24918.6,24902.1,24916.35,0.0,,2025-09-04 09:29:00,24980.75,24848.15,,24980.75,24848.15
2025-09-04 09:55:00,24916.15,24919.05,24903.35,24903.35,0.0,,2025-09-04 09:29:00,24980.75,24848.15,,24980.75,24848.15
2025-09-04 10:00:00,24903.85,24914.15,24898.95,24900.7,0.0,,2025-09-04 09:29:00,24980.75,24848.15,,24980.75,24848.15
2025-09-04 10:05:00,24900.95,24901.5,24868.0,24868.2,0.0,,2025-09-04 09:29:00,24980.75,24848.15,,24980.75,24848.15
2025-09-04 10:10:00,24866.25,24873.3,24835.7,24835.7,0.0,sell,2025-09-04 10:13:00,24980.75,24848.15,bear,24980.75,24848.15
2025-09-04 10:15:00,24835.2,24858.1,24830.2,24857.8,0.0,,2025-09-04 10:13:00,24980.75,24848.15,bear,24980.75,24848.15
2025-09-04 10:20:00,24858.75,24877.0,24856.25,24873.75,0.0,buy,2025-09-04 09:29:00,24980.75,24848.15,,24980.75,24848.15
2025-09-04 10:25:00,24874.0,24874.9,24846.15,24846.55,0.0,sell,2025-09-04 10:28:00,24980.75,24848.15,bear,24980.75,24848.15
2025-09-04 10:30:00,24847.8,24853.35,24837.65,24848.3,0.0,,2025-09-04 10:28:00,24980.75,24848.15,bear,24980.75,24848.15
2025-09-04 10:35:00,24849.4,24849.4,24828.95,24828.95,0.0,,2025-09-04 10:28:00,24980.75,24848.15,bear,24980.75,24848.15
2025-09-04 10:40:00,24829.45,24830.3,24804.75,24816.5,0.0,,2025-09-04 10:28:00,24980.75,24848.15,bear,24980.75,24848.15
2025-09-04 10:45:00,24816.9,24834.2,24810.45,24833.85,0.0,,2025-09-04 10:28:00,24980.75,24848.15,bear,24980.75,24848.15
2025-09-04 10:50:00,24835.25,24844.85,24832.7,24839.55,0.0,,2025-09-04 10:28:00,24980.75,24848.15,bear,24980.75,24848.15
2025-09-04 10:55:00,24839.55,24839.55,24822.1,24831.9,0.0,,2025-09-04 10:28:00,24980.75,24848.15,bear,24980.75,24848.15
2025-09-04 11:00:00,24832.8,24848.85,24826.5,24827.25,0.0,,2025-09-04 10:28:00,24980.75,24848.15,bear,24980.75,24848.15
2025-09-04 11:05:00,24829.85,24840.15,24817.5,24819.05,0.0,,2025-09-04 10:28:00,24980.75,24848.15,bear,24980.75,24848.15
2025-09-04 11:10:00,24819.25,24822.6,24813.2,24815.5,0.0,,2025-09-04 10:28:00,24980.75,24848.15,bear,24980.75,24848.15
2025-09-04 11:15:00,24816.05,24825.9,24813.25,24819.5,0.0,,2025-09-04 10:28:00,24980.75,24848.15,bear,24980.75,24848.15
2025-09-04 11:20:00,24818.9,24820.75,24799.55,24802.8,0.0,,2025-09-04 10:28:00,24980.75,24848.15,bear,24980.75,24848.15
2025-09-04 11:25:00,24803.45,24825.95,24802.2,24823.85,0.0,,2025-09-04 10:28:00,24980.75,24848.15,bear,24980.75,24848.15
2025-09-04 11:30:00,24824.8,24832.65,24819.75,24822.4,0.0,,2025-09-04 10:28:00,24980.75,24848.15,bear,24980.75,24848.15
2025-09-04 11:35:00,24822.6,24822.6,24811.05,24814.6,0.0,,2025-09-04 10:28:00,24980.75,24848.15,bear,24980.75,24848.15
2025-09-04 11:40:00,24811.8,24829.5,24811.8,24816.15,0.0,,2025-09-04 10:28:00,24980.75,24848.15,bear,24980.75,24848.15
2025-09-04 11:45:00,24816.85,24821.95,24806.85,24809.25,0.0,,2025-09-04 10:28:00,24980.75,24848.15,bear,24980.75,24848.15
2025-09-04 11:50:00,24809.55,24820.05,24806.55,24819.6,0.0,,2025-09-04 10:28:00,24980.75,24848.15,bear,24980.75,24848.15
2025-09-04 11:55:00,24820.65,24823.75,24810.85,24815.55,0.0,,2025-09-04 10:28:00,24980.75,24848.15,bear,24980.75,24848.15
2025-09-04 12:00:00,24815.55,24826.75,24810.15,24823.05,0.0,,2025-09-04 10:28:00,24980.75,24848.15,bear,24980.75,24848.15
2025-09-04 12:05:00,24822.95,24837.65,24807.9,24810.1,0.0,,2025-09-04 10:28:00,24980.75,24848.15,bear,24980.75,24848.15
2025-09-04 12:10:00,24810.55,24810.65,24788.1,24806.1,0.0,,2025-09-04 10:28:00,24980.75,24848.15,bear,24980.75,24848.15
2025-09-04 12:15:00,24806.55,24807.0,24781.3,24784.65,0.0,,2025-09-04 10:28:00,24980.75,24848.15,bear,24980.75,24848.15
2025-09-04 12:20:00,24785.2,24788.85,24768.65,24770.85,0.0,,2025-09-04 10:28:00,24980.75,24848.15,bear,24980.75,24848.15
2025-09-04 12:25:00,24770.55,24778.75,24767.7,24774.75,0.0,,2025-09-04 10:28:00,24980.75,24848.15,bear,24980.75,24848.15
2025-09-04 12:30:00,24775.5,24794.45,24775.05,24788.7,0.0,,2025-09-04 10:28:00,24980.75,24848.15,bear,24980.75,24848.15
2025-09-04 12:35:00,24788.85,24806.65,24785.55,24803.8,0.0,,2025-09-04 10:28:00,24980.75,24848.15,bear,24980.75,24848.15
2025-09-04 12:40:00,24803.5,24819.35,24798.45,24819.35,0.0,buy,2025-09-04 10:28:00,24980.75,24848.15,bear,24980.75,24848.15
2025-09-04 12:45:00,24819.3,24832.5,24816.5,24823.45,0.0,,2025-09-04 10:28:00,24980.75,24848.15,bear,24980.75,24848.15
2025-09-04 12:50:00,24822.6,24822.6,24810.9,24820.4,0.0,,2025-09-04 10:28:00,24980.75,24848.15,bear,24980.75,24848.15
2025-09-04 12:55:00,24820.1,24837.3,24817.0,24833.2,0.0,,2025-09-04 10:28:00,24980.75,24848.15,bear,24980.75,24848.15
2025-09-04 13:00:00,24834.25,24838.75,24820.65,24835.7,0.0,,2025-09-04 10:28:00,24980.75,24848.15,bear,24980.75,24848.15
2025-09-04 13:05:00,24836.25,24837.4,24822.95,24825.8,0.0,,2025-09-04 10:28:00,24980.75,24848.15,bear,24980.75,24848.15
2025-09-04 13:10:00,24825.15,24833.3,24807.05,24815.85,0.0,,2025-09-04 10:28:00,24980.75,24848.15,bear,24980.75,24848.15
2025-09-04 13:15:00,24816.0,24828.75,24804.8,24810.7,0.0,,2025-09-04 10:28:00,24980.75,24848.15,bear,24980.75,24848.15
2025-09-04 13:20:00,24809.35,24824.0,24804.25,24818.8,0.0,,2025-09-04 10:28:00,24980.75,24848.15,bear,24980.75,24848.15
2025-09-04 13:25:00,24818.95,24820.45,24809.35,24814.95,0.0,,2025-09-04 10:28:00,24980.75,24848.15,bear,24980.75,24848.15
2025-09-04 13:30:00,24814.8,24823.95,24810.65,24816.2,0.0,,2025-09-04 10:28:00,24980.75,24848.15,bear,24980.75,24848.15
2025-09-04 13:35:00,24816.5,24817.4,24802.85,24807.05,0.0,,2025-09-04 10:28:00,24980.75,24848.15,bear,24980.75,24848.15
2025-09-04 13:40:00,24807.8,24808.75,24782.2,24788.3,0.0,,2025-09-04 10:28:00,24980.75,24848.15,bear,24980.75,24848.15
2025-09-04 13:45:00,24788.65,24788.65,24771.2,24773.25,0.0,,2025-09-04 10:28:00,24980.75,24848.15,bear,24980.75,24848.15
2025-09-04 13:50:00,24773.6,24791.5,24758.65,24779.15,0.0,,2025-09-04 10:28:00,24980.75,24848.15,bear,24980.75,24848.15
2025-09-04 13:55:00,24778.8,24786.65,24772.85,24777.0,0.0,,2025-09-04 10:28:00,24980.75,24848.15,bear,24980.75,24848.15
2025-09-04 14:00:00,24776.65,24790.7,24774.7,24784.45,0.0,,2025-09-04 10:28:00,24980.75,24848.15,bear,24980.75,24848.15
2025-09-04 14:05:00,24784.55,24784.55,24771.1,24773.9,0.0,,2025-09-04 10:28:00,24980.75,24848.15,bear,24980.75,24848.15
2025-09-04 14:10:00,24773.85,24775.35,24759.1,24765.5,0.0,,2025-09-04 10:28:00,24980.75,24848.15,bear,24980.75,24848.15
2025-09-04 14:15:00,24765.25,24766.65,24750.85,24757.4,0.0,,2025-09-04 10:28:00,24980.75,24848.15,bear,24980.75,24848.15
2025-09-04 14:20:00,24757.45,24764.6,24719.45,24719.95,0.0,,2025-09-04 10:28:00,24980.75,24848.15,bear,24980.75,24848.15
2025-09-04 14:25:00,24720.0,24726.2,24713.55,24723.2,0.0,,2025-09-04 10:28:00,24980.75,24848.15,bear,24980.75,24848.15
2025-09-04 14:30:00,24723.75,24764.75,24722.5,24751.3,0.0,,2025-09-04 10:28:00,24980.75,24848.15,bear,24980.75,24848.15
2025-09-04 14:35:00,24750.55,24751.85,24730.55,24731.55,0.0,,2025-09-04 10:28:00,24980.75,24848.15,bear,24980.75,24848.15
2025-09-04 14:40:00,24731.75,24779.55,24729.6,24771.3,0.0,,2025-09-04 10:28:00,24980.75,24848.15,bear,24980.75,24848.15
2025-09-04 14:45:00,24770.9,24770.9,24751.85,24763.0,0.0,,2025-09-04 10:28:00,24980.75,24848.15,bear,24980.75,24848.15
2025-09-04 14:50:00,24762.85,24771.7,24727.35,24734.55,0.0,,2025-09-04 10:28:00,24980.75,24848.15,bear,24980.75,24848.15
2025-09-04 14:55:00,24736.3,24777.1,24736.3,24744.45,0.0,,2025-09-04 10:28:00,24980.75,24848.15,bear,24980.75,24848.15
2025-09-04 15:00:00,24744.75,24757.15,24733.8,24734.4,0.0,,2025-09-04 10:28:00,24980.75,24848.15,bear,24980.75,24848.15
2025-09-04 15:05:00,24736.0,24746.75,24729.2,24736.25,0.0,,2025-09-04 10:28:00,24980.75,24848.15,bear,24980.75,24848.15
2025-09-04 15:10:00,24736.65,24743.25,24714.8,24718.5,0.0,,2025-09-04 10:28:00,24980.75,24848.15,bear,24980.75,24848.15
2025-09-04 15:15:00,24719.7,24729.45,24708.75,24728.1,0.0,,2025-09-04 10:28:00,24980.75,24848.15,bear,24980.75,24848.15
2025-09-04 15:20:00,24728.9,24750.45,24728.9,24748.05,0.0,,2025-09-04 10:28:00,24980.75,24848.15,bear,24980.75,24848.15
2025-09-04 15:25:00,24749.95,24751.75,24732.55,24739.8,0.0,,2025-09-04 10:28:00,24980.75,24848.15,bear,24980.75,24848.15
2025-09-04 15:30:00,24739.75,24739.75,24739.75,24739.75,0.0,,,24980.75,24848.15,,24980.75,24848.15
2025-09-05 09:10:00,24818.85,24818.85,24818.85,24818.85,0.0,,,24980.75,24848.15,,24818.85,24818.85
2025-09-05 09:15:00,24811.25,24827.55,24791.35,24827.5,0.0,,,24980.75,24848.15,,24827.55,24791.35
2025-09-05 09:20:00,24826.45,24831.65,24788.75,24791.8,0.0,,,24980.75,24848.15,,24831.65,24788.75
2025-09-05 09:25:00,24794.85,24799.65,24780.05,24783.2,0.0,,2025-09-05 09:29:00,24831.65,24781.05,,24831.65,24781.05
2025-09-05 09:30:00,24784.35,24812.8,24783.8,24811.45,0.0,,2025-09-05 09:29:00,24831.65,24781.05,,24831.65,24781.05
2025-09-05 09:35:00,24812.05,24812.2,24778.1,24783.2,0.0,,2025-09-05 09:29:00,24831.65,24781.05,,24831.65,24781.05
2025-09-05 09:40:00,24783.4,24783.4,24776.0,24778.85,0.0,sell,2025-09-05 09:40:00,24831.65,24781.05,bear,24831.65,24781.05
2025-09-05 09:45:00,24778.3,24795.9,24773.0,24794.35,0.0,,2025-09-05 09:40:00,24831.65,24781.05,bear,24831.65,24781.05
2025-09-05 09:50:00,24793.4,24803.6,24789.65,24798.95,0.0,,2025-09-05 09:40:00,24831.65,24781.05,bear,24831.65,24781.05
2025-09-05 09:55:00,24799.15,24800.75,24775.3,24781.75,0.0,,2025-09-05 09:40:00,24831.65,24781.05,bear,24831.65,24781.05
2025-09-05 10:00:00,24782.95,24793.05,24770.7,24770.7,0.0,,2025-09-05 09:40:00,24831.65,24781.05,bear,24831.65,24781.05
2025-09-05 10:05:00,24771.25,24774.65,24753.8,24756.4,0.0,,2025-09-05 09:40:00,24831.65,24781.05,bear,24831.65,24781.05
2025-09-05 10:10:00,24755.75,24755.75,24675.3,24679.35,0.0,,2025-09-05 09:40:00,24831.65,24781.05,bear,24831.65,24781.05
2025-09-05 10:15:00,24677.55,24677.55,24646.7,24650.45,0.0,buy,2025-09-05 09:40:00,24831.65,24781.05,bear,24831.65,24781.05
2025-09-05 10:20:00,24651.65,24677.65,24632.3,24675.3,0.0,,2025-09-05 09:40:00,24831.65,24781.05,bear,24831.65,24781.05
2025-09-05 10:25:00,24676.3,24737.75,24671.0,24721.75,0.0,,2025-09-05 09:40:00,24831.65,24781.05,bear,24831.65,24781.05
2025-09-05 10:30:00,24719.5,24729.2,24687.75,24689.4,0.0,,2025-09-05 09:40:00,24831.65,24781.05,bear,24831.65,24781.05
2025-09-05 10:35:00,24688.75,24711.05,24681.85,24706.4,0.0,,2025-09-05 09:40:00,24831.65,24781.05,bear,24831.65,24781.05
2025-09-05 10:40:00,24705.4,24709.3,24692.3,24702.15,0.0,,2025-09-05 09:40:00,24831.65,24781.05,bear,24831.65,24781.05
2025-09-05 10:45:00,24700.65,24714.2,24692.1,24693.2,0.0,,2025-09-05 09:40:00,24831.65,24781.05,bear,24831.65,24781.05
2025-09-05 10:50:00,24692.7,24697.5,24666.1,24667.15,0.0,,2025-09-05 09:40:00,24831.65,24781.05,bear,24831.65,24781.05
2025-09-05 10:55:00,24666.45,24684.8,24664.25,24681.3,0.0,,2025-09-05 09:40:00,24831.65,24781.05,bear,24831.65,24781.05
2025-09-05 11:00:00,24682.85,24697.6,24676.95,24697.6,0.0,,2025-09-05 09:40:00,24831.65,24781.05,bear,24831.65,24781.05
2025-09-05 11:05:00,24697.4,24697.45,24680.65,24681.65,0.0,,2025-09-05 09:40:00,24831.65,24781.05,bear,24831.65,24781.05
2025-09-05 11:10:00,24680.2,24697.5,24677.45,24691.95,0.0,,2025-09-05 09:40:00,24831.65,24781.05,bear,24831.65,24781.05
2025-09-05 11:15:00,24690.05,24691.05,24676.05,24688.95,0.0,,2025-09-05 09:40:00,24831.65,24781.05,bear,24831.65,24781.05
2025-09-05 11:20:00,24688.1,24696.25,24681.75,24683.7,0.0,,2025-09-05 09:40:00,24831.65,24781.05,bear,24831.65,24781.05
2025-09-05 11:25:00,24682.8,24697.65,24681.1,24696.25,0.0,,2025-09-05 09:40:00,24831.65,24781.05,bear,24831.65,24781.05
2025-09-05 11:30:00,24695.55,24708.1,24692.85,24695.1,0.0,,2025-09-05 09:40:00,24831.65,24781.05,bear,24831.65,24781.05
2025-09-05 11:35:00,24694.45,24706.4,24689.6,24694.25,0.0,,2025-09-05 09:40:00,24831.65,24781.05,bear,24831.65,24781.05
2025-09-05 11:40:00,24692.9,24696.05,24675.1,24677.05,0.0,,2025-09-05 09:40:00,24831.65,24781.05,bear,24831.65,24781.05
2025-09-05 11:45:00,24676.4,24677.95,24662.25,24665.05,0.0,,2025-09-05 09:40:00,24831.65,24781.05,bear,24831.65,24781.05
2025-09-05 11:50:00,24664.45,24674.1,24662.0,24666.8,0.0,,2025-09-05 09:40:00,24831.65,24781.05,bear,24831.65,24781.05
2025-09-05 11:55:00,24664.65,24669.2,24658.25,24668.0,0.0,,2025-09-05 09:40:00,24831.65,24781.05,bear,24831.65,24781.05
2025-09-05 12:00:00,24666.8,24668.5,24654.0,24659.6,0.0,,2025-09-05 09:40:00,24831.65,24781.05,bear,24831.65,24781.05
2025-09-05 12:05:00,24658.85,24672.4,24658.5,24670.2,0.0,,2025-09-05 09:40:00,24831.65,24781.05,bear,24831.65,24781.05
2025-09-05 12:10:00,24669.6,24670.8,24651.55,24651.55,0.0,,2025-09-05 09:40:00,24831.65,24781.05,bear,24831.65,24781.05
2025-09-05 12:15:00,24650.6,24655.7,24642.8,24646.35,0.0,,2025-09-05 09:40:00,24831.65,24781.05,bear,24831.65,24781.05
2025-09-05 12:20:00,24645.45,24662.95,24645.45,24656.7,0.0,,2025-09-05 09:40:00,24831.65,24781.05,bear,24831.65,24781.05
2025-09-05 12:25:00,24656.7,24658.95,24653.75,24656.95,0.0,,2025-09-05 09:40:00,24831.65,24781.05,bear,24831.65,24781.05
2025-09-05 12:30:00,24657.2,24664.9,24634.25,24635.45,0.0,,2025-09-05 09:40:00,24831.65,24781.05,bear,24831.65,24781.05
2025-09-05 12:35:00,24633.95,24640.25,24627.45,24639.75,0.0,,2025-09-05 09:40:00,24831.65,24781.05,bear,24831.65,24781.05
2025-09-05 12:40:00,24640.35,24643.95,24634.15,24638.5,0.0,,2025-09-05 09:40:00,24831.65,24781.05,bear,24831.65,24781.05
2025-09-05 12:45:00,24637.7,24639.3,24623.7,24628.25,0.0,,2025-09-05 09:40:00,24831.65,24781.05,bear,24831.65,24781.05
2025-09-05 12:50:00,24627.45,24634.55,24626.0,24634.3,0.0,,2025-09-05 09:40:00,24831.65,24781.05,bear,24831.65,24781.05
2025-09-05 12:55:00,24633.65,24648.2,24632.8,24644.95,0.0,,2025-09-05 09:40:00,24831.65,24781.05,bear,24831.65,24781.05
2025-09-05 13:00:00,24645.2,24659.3,24638.05,24639.05,0.0,,2025-09-05 09:40:00,24831.65,24781.05,bear,24831.65,24781.05
2025-09-05 13:05:00,24639.4,24652.95,24639.4,24652.05,0.0,,2025-09-05 09:40:00,24831.65,24781.05,bear,24831.65,24781.05
2025-09-05 13:10:00,24651.85,24671.2,24651.25,24670.65,0.0,,2025-09-05 09:40:00,24831.65,24781.05,bear,24831.65,24781.05
2025-09-05 13:15:00,24671.05,24685.6,24670.45,24681.1,0.0,,2025-09-05 09:40:00,24831.65,24781.05,bear,24831.65,24781.05
2025-09-05 13:20:00,24681.0,24683.1,24667.95,24677.55,0.0,,2025-09-05 09:40:00,24831.65,24781.05,bear,24831.65,24781.05
2025-09-05 13:25:00,24678.6,24698.1,24676.25,24687.7,0.0,,2025-09-05 09:40:00,24831.65,24781.05,bear,24831.65,24781.05
2025-09-05 13:30:00,24687.2,24694.35,24681.45,24693.35,0.0,,2025-09-05 09:40:00,24831.65,24781.05,bear,24831.65,24781.05
2025-09-05 13:35:00,24693.15,24706.05,24687.25,24701.45,0.0,,2025-09-05 09:40:00,24831.65,24781.05,bear,24831.65,24781.05
2025-09-05 13:40:00,24700.85,24708.0,24696.15,24708.0,0.0,,2025-09-05 09:40:00,24831.65,24781.05,bear,24831.65,24781.05
2025-09-05 13:45:00,24712.9,24760.7,24712.9,24742.85,0.0,,2025-09-05 09:40:00,24831.65,24781.05,bear,24831.65,24781.05
2025-09-05 13:50:00,24741.6,24754.1,24728.5,24753.95,0.0,,2025-09-05 09:40:00,24831.65,24781.05,bear,24831.65,24781.05
2025-09-05 13:55:00,24753.3,24777.25,24751.2,24770.3,0.0,,2025-09-05 09:40:00,24831.65,24781.05,bear,24831.65,24781.05
2025-09-05 14:00:00,24768.9,24790.75,24768.9,24773.7,0.0,sell,2025-09-05 14:01:00,24831.65,24781.05,bear,24831.65,24781.05
2025-09-05 14:05:00,24773.7,24774.2,24750.65,24757.45,0.0,,2025-09-05 14:01:00,24831.65,24781.05,bear,24831.65,24781.05
2025-09-05 14:10:00,24757.5,24762.15,24745.35,24745.35,0.0,,2025-09-05 14:01:00,24831.65,24781.05,bear,24831.65,24781.05
2025-09-05 14:15:00,24746.65,24762.6,24741.75,24759.5,0.0,,2025-09-05 14:01:00,24831.65,24781.05,bear,24831.65,24781.05
2025-09-05 14:20:00,24758.75,24765.35,24755.3,24757.2,0.0,,2025-09-05 14:01:00,24831.65,24781.05,bear,24831.65,24781.05
2025-09-05 14:25:00,24756.45,24759.85,24749.7,24755.0,0.0,,2025-09-05 14:01:00,24831.65,24781.05,bear,24831.65,24781.05
2025-09-05 14:30:00,24754.15,24764.55,24748.3,24749.15,0.0,,2025-09-05 14:01:00,24831.65,24781.05,bear,24831.65,24781.05
2025-09-05 14:35:00,24749.3,24752.6,24722.9,24724.25,0.0,,2025-09-05 14:01:00,24831.65,24781.05,bear,24831.65,24781.05
2025-09-05 14:40:00,24723.1,24744.65,24720.75,24727.3,0.0,,2025-09-05 14:01:00,24831.65,24781.05,bear,24831.65,24781.05
2025-09-05 14:45:00,24726.9,24735.15,24726.9,24729.0,0.0,,2025-09-05 14:01:00,24831.65,24781.05,bear,24831.65,24781.05
2025-09-05 14:50:00,24728.6,24742.45,24728.6,24739.0,0.0,,2025-09-05 14:01:00,24831.65,24781.05,bear,24831.65,24781.05
2025-09-05 14:55:00,24738.8,24750.5,24738.7,24748.45,0.0,,2025-09-05 14:01:00,24831.65,24781.05,bear,24831.65,24781.05
2025-09-05 15:00:00,24746.05,24749.35,24725.45,24729.45,0.0,buy,2025-09-05 14:01:00,24831.65,24781.05,bear,24831.65,24781.05
2025-09-05 15:05:00,24730.5,24752.6,24727.5,24749.85,0.0,,2025-09-05 14:01:00,24831.65,24781.05,bear,24831.65,24781.05
2025-09-05 15:10:00,24749.75,24759.0,24735.2,24735.55,0.0,,2025-09-05 14:01:00,24831.65,24781.05,bear,24831.65,24781.05
2025-09-05 15:15:00,24736.2,24744.8,24734.15,24739.4,0.0,,2025-09-05 14:01:00,24831.65,24781.05,bear,24831.65,24781.05
2025-09-05 15:20:00,24739.3,24749.5,24735.55,24745.8,0.0,,2025-09-05 14:01:00,24831.65,24781.05,bear,24831.65,24781.05
2025-09-05 15:25:00,24745.2,24749.5,24734.75,24743.95,0.0,,2025-09-05 14:01:00,24831.65,24781.05,bear,24831.65,24781.05
2025-09-05 15:30:00,24743.5,24743.5,24743.5,24743.5,0.0,,,,,,,
